Movie,Total Views
No Problem (Theatrical Trailer),379701
"Manmarziyaan Official Trailer | Abhishek Bachchan, Taapsee Pannu, Vicky Kaushal, Anurag Kashyap",23591671
Wake Up Sid Trailer,697835
No One Killed Jessica Trailer,18004
Mangal Pandey  The Rising 2005   Official Trailer   Aamir Khan   Rani Mukerji   NH Studioz,3491
&quot;SANAM RE&quot; Trailer | Pulkit Samrat | Yami Gautam | Urvashi Rautela | Divya Khosla Kumar | 12th Feb,14115401
"Panga | Official Trailer | Kangana | Jassie | Richa | Dir: Ashwiny Iyer Tiwari |  24th Jan, 2020",54410098
Dedh Ishqiya (Jan 2014) - Theatrical Trailer | Madhuri Dixit - Naseeruddin - Arshad Warsi - Huma,2757478
"SARBJIT Theatrical Trailer | Aishwarya Rai Bachchan, Randeep Hooda, Omung Kumar | T-Series",10076912
Power Book IV: Force Season 1 Trailer | Rotten Tomatoes TV,251229
"Jawaani Jaaneman – Official Trailer | Saif Ali Khan, Tabu, Alaya F | Nitin K | 31st Jan 2020",32305142
Jhoom Barabar Jhoom | Official Trailer | Abhishek Bachchan | Bobby Deol | Preity Zinta | Lara Dutta,401644
Exclusive: Hate Story 2 Red Band Trailer | Jay Bhanushali | Surveen Chawla,19548622
"Detective Byomkesh Bakshy | Official Trailer | Sushant Singh Rajput, Anand Tiwari | Dibakar Banerjee",6229496
Tadap | Official Trailer | Ahan Shetty | Tara Sutaria | Sajid Nadiadwala | Milan Luthria | 2nd Dec,10975413
Malamaal Weekly 2006 promo,42853
"Raja Natwarlal Official Trailer   Emraan Hashmi, Humaima Malick   Releasing   August 29 1080p",543991
"&quot;Singh Saab The Great Trailer&quot; Official | Sunny Deol, Amrita Rao, Prakash Raj, Urvashi Rautela",1448505
Trailer - &#39;Ek Paheli Leela&#39; | Sunny Leone | T-Series,32099347
THE OUTFIT - Official Trailer - Only in Theaters March 18,6343851
The Hero: Love Story of a Spy (2003) Full Hindi Movie,11047120
"Salaam Namaste | Official Trailer | Saif Ali Khan, Preity Zinta, Arshad Warsi | Siddharth Anand",104611
Khakee: The Bihar Chapter | Official Trailer | Netflix India,60188440
trailer karan arjun full hd 1080p,401798
Karthik Calling Karthik- Theatrical Trailer Exclusive!!!,785250
Raabta Official Trailer |  Sushant Singh Rajput &amp; Kriti Sanon,44589671
DHOBI GHAT (TRAILER),332227
"Biwi No 1 - Official Trailer - Salman Khan, Karisma Kapoor &amp; Anil Kapoor",291421
Maine Pyaar Kyun Kiya,1447
Ek Thi Daayan - 1st Official Trailer,2747635
"Teri Meri Kahaani Official Trailer | Shahid Kapoor, Priyanka Chopra",1113650
Haunted - 3D (2011) - Theatrical Trailer,421886
F.A.L.T.U - Official Trailer [HD] - F.A.L.T.U (2011) *HD* - Jackky Bhagnani &amp; Ritesh Deshmukh,738569
Raaz 2 The Mystery Continues Theatrical Trailer 2,118982
Daawat-e-Ishq | Official Trailer | Aditya Roy Kapur | Parineeti Chopra | Habib Faisal,4797136
Jazbaa - Official Trailer | Irrfan Khan | Aishwarya Rai Bachchan | Bollywood Thriller Film,9828846
On The Rocks | Official Trailer HD | A24 &amp; Apple TV+,1521091
Commando 2 | Official Trailer | Vidyut Jammwal | Adah Sharma | Esha Gupta | Freddy | 3rd March 2017,32375871
"ROCKY HANDSOME Theatrical Trailer | John Abraham, Shruti Haasan | T-Series",8568743
Gangs of Wasseypur Theatrical Trailer | Manoj Bajpai,1924727
Go Goa Gone (Theatrical Trailer with English Subtitles) | Saif Ali Khan,900575
JAAN E MAN TRAILER,17732
"Ishq (Not a Love Story) Movie Trailer | Teja Sajja, Priya Varrier | Mahathi Swara Sagar",4769800
"Junglee Official Trailer | Vidyut Jammwal, Pooja Sawant &amp; Asha Bhat | Chuck Russell | 29th Mar 2019",44160122
hum dil de chuke sanam trailer,159302
Sarkar Official Trailer l Amitabh Bachchan l Abhishek Bachchan l Ram Gopal Varma,267416
Katti Batti 2015 Hindi Movie Trailer  Kangana Imran&#39;s HD,232708
Mr. X Official Trailer 1 (2015) - Vikram Bhatt Movie HD,1902300
Khoobsurat Official Trailer 1 (2014) - Sonam Kapoor Romantic Comedy HD,1245075
Indian 2 - Official Trailer | Kamal Haasan | Shankar | Anirudh | Subaskaran | Lyca | Red Giant,33027
"ENTHIRAN 4K Trailer | Digitally Remastered in 4K, Dolby Vision &amp; Atmos | Streaming Now on Sun NXT",656052
D-Day Trailer #1 (2019) | Movieclips Indie,247645
Bombay Velvet | Official Theatrical Trailer | Ranbir Kapoor | Anushka Sharma,7641471
"Saand Ki Aankh | Official Trailer| Bhumi Pednekar, Taapsee Pannu | Tushar Hiranandani",689127
Bhoothnath 2008   Official Trailer   Amitabh Bachchan   Shahrukh Khan   Juhi Chawla   NH Studioz 1,13285
"OK Jaanu | Official Trailer | Aditya Roy Kapur, Shraddha Kapoor | A.R. Rahman",27775281
"Lakshya - Theatrical Trailer | Hrithik Roshan,Preity Zinta",999521
Dil Bole Hadippa | Official Trailer | Shahid Kapoor | Rani Mukerji,2203673
"Thackeray | Official Trailer | Nawazuddin Siddiqui, Amrita Rao | Releasing 25th January",35201348
Dus Theatrical Trailer,174410
Omkara Official Trailer | Watch Full Movie On Eros Now,997814
Black Adam – Official Trailer 1,32300707
Munna Bhai MBBS | Official Trailer | Sanjay Dutt | Arshad Warsi,917279
Ponniyin Selvan Part 1 - Official Hindi Trailer | Prime Video India,833088
36 China Town Movie (4K) Trailer | kshaye Khanna | Shahid Kapoor | Kareena | Bollywood Hindi Movie,12729
Mission Kashmir | Official Trailer | Hrithik Roshan | Preity Zinta | Sanjay Dutt,431127
Salaam-e-Ishq | Official Trailer,1191022
"Pardes 1997 Hindi Movie Official Trailer Shah Rukh Khan, Mahima Chaudhry &amp; Amrish Puri",20717
"Billu | Trailer | Now in HD | Shah Rukh Khan, Irrfan Khan, Lara Dutta | A film by Priyadarshan",1724715
Kismat Konnection - Official Trailer - Shahid Kapoor &amp; Vidya Balan,299311
1920 Evil Returns Official Theatrical Trailer | Aftab Shivdasani,1095796
Mere Baap Pehle Aap Theatrical Trailer,28727
JOKER - Final Trailer - Now Playing In Theaters,100776635
Murder 3 TRAILER 1 (2013) - Thriller Movie HD,608646
Ek Ladki Ko Dekha Toh Aisa Laga | Official Trailer | Anil | Sonam | Rajkummar | Juhi | 1st Feb&#39;19,25377898
Mrs. Chatterjee vs Norway | Official Trailer | Rani Mukerji | Netflix India,1230678
"Chandigarh Kare Aashiqui OFFICIAL TRAILER: Ayushmann K, Vaani K | Abhishek K | Bhushan K | 10 Dec 21",35166371
Saawariya (2007) ORIGINAL TRAILER [HD 1080p],89277
"Shamitabh - Official Trailer | Amitabh Bachchan, Dhanush, Akshara Haasan",351015
Hate Story 4 Trailer 2018 | Urvashi Rautela | Hate Story 4 | Mishra Music |,5225
"Movie Taal - Official Trailer - Anil Kapoor, Akshaye &amp; Aishwarya",346218
Aurangzeb | Official Trailer | Arjun Kapoor | Rishi Kapoor | Jackie Shroff,2809461
"Rocketry: The Nambi Effect - Official Trailer | R. Madhavan, Simran Bagga | Amazon Prime Video",466701
"Happy Phirr Bhag Jayegi | Official Trailer | Sonakshi Sinha, Jimmy Shergill, Jassie Gill, Diana",21157068
Roohi - Official Trailer | Rajkummar Janhvi  Varun | Dinesh Vijan | Mrighdeep Lamba | Hardik Mehta,46460560
Apne (2007) - Trailer - BollywoodArchive,121333
Black Adam – Official Trailer 1,32300707
Jurassic World Dominion - Official Trailer [HD],62288160
Gangs of Wasseypur 2 Official Trailer,1276728
Saheb Biwi Aur Gangster Returns | OFFICIAL trailer 2013 | FULL HD,2706407
Marvel Studios’ Black Panther: Wakanda Forever | Official Trailer,43371187
"Nautanki Saala Official Theatrical Trailer | Ayushmann Khurrana, Kunaal Roy Kapur",1564492
Pyaar To Hona Hi Tha Superhit Romantic Movie | Ajay Devgn and Kajol Movies | Bollywood Comedy Movie,10594456
Heropanti 2 - Official Trailer | Tiger S Tara S Nawazuddin | Sajid Nadiadwala |Ahmed Khan|29th April,81930916
Hum Tum | Official Trailer | Saif Ali Khan | Rani Mukerji | Kunal Kohli,1379370
Raaz Official trailer |Bipasha Basu|Dino Morea|Ashutosh Rana.,46930
"Soldier (1998) Official Trailer - Kurt Russell, Jason Scott Lee Movie HD",1063055
Commando - One Man Army - Trailer Deutsch HD,178973
Mulk - Official Trailer | Rishi Kapoor &amp; Taapsee Pannu | Anubhav Sinha | 3rd Aug 2018,18925644
Trailer BAGHBAAN_RO.mpg,92053
