" Pathaan, Release Year",2023,,,,,,,,,,,
" Baahubali 2 The Conclusion, Release Year",2023,,,,,,,,,,,
" KGF Chapter 2, Release Year",2022,,,,,,,,,,,
" Dangal, Release Year",2016,,,,,,,,,,,
" Sanju, Release Year",2018,,,,,,,,,,,
" PK, Release Year",2014,,,,,,,,,,,
" Tiger Zinda Hai, Release Year",2017,,,,,,,,,,,
" Bajrangi Bhaijaan, Release Year",2015,,,,,,,,,,,
" War, Release Year",2024,,,,,,,,,,,
" Padmaavat, Release Year",2018,,,,,,,,,,,
" Sultan, Release Year",2016,,,,,,,,,,,
" Kabir Singh, Release Year",2019,,,,,,,,,,,
 Tanhaji,2020,,,,,,,,,,,
" RRR, Release Year",2022,,,,,,,,,,,
" Dhoom 3, Release Year",2013,,,,,,,,,,,
" The Kashmir Files, Release Year",2022,,,,,,,,,,,
 Brahmastra Part One,2022,,,,,,,,,,,
" URI The Surgical Strike, Release Year",2019,,,,,,,,,,,
" Simmba, Release Year",2018,,,,,,,,,,,
" Drishyam 2, Release Year",2022,,,,,,,,,,,
" Kick, Release Year",2010,,,,,,,,,,,
" Krrish 3, Release Year",2013,,,,,,,,,,,
" Chennai Express, Release Year",2013,,,,,,,,,,,
" Bharat, Release Year",2023,,,,,,,,,,,
" Housefull 4, Release Year",2019,,,,,,,,,,,
" Prem Ratan Dhan Payo, Release Year",2015,,,,,,,,,,,
" Golmaal Again, Release Year",2017,,,,,,,,,,,
" Good Newwz, Release Year",2019,,,,,,,,,,,
" Mission Mangal, Release Year",2019,,,,,,,,,,,
" 3 Idiots, Release Year",2009,,,,,,,,,,,
" Happy New Year, Release Year",2018,,,,,,,,,,,
" Ek Tha Tiger, Release Year",2012,,,,,,,,,,,
" Sooryavanshi, Release Year",2021,,,,,,,,,,,
" Two Point 0, Release Year",2014,,,,,,,,,,,
" Yeh Jawaani Hai Deewani, Release Year",2013,,,,,,,,,,,
" Bhool Bhulaiyaa 2, Release Year",2022,,,,,,,,,,,
" Bajirao Mastani, Release Year",2015,,,,,,,,,,,
" Bang Bang!, Release Year",2007,,,,,,,,,,,
" Race 3, Release Year",2018,,,,,,,,,,,
" Baaghi 2, Release Year",2018,,,,,,,,,,,
" Raees, Release Year",2017,,,,,,,,,,,
" Kesari, Release Year",2023,,,,,,,,,,,
" Total Dhamaal, Release Year",2019,,,,,,,,,,,
" Dabangg 2, Release Year",2012,,,,,,,,,,,
21,"31,808 CRITICAL [imdbpy] /Users/niranjanganesan/PycharmProjects/ECE584/venv/lib/python3.11/site-packages/imdb/_exceptions.py",32, IMDbDataAccessError exception raised; args, ({'errcode'," None, 'errmsg'"," 'None', 'url'", 'https,"//www.imdb.com/title/tt9052870/plotsummary', 'proxy'"," '', 'exception type'"," 'IOError', 'original exception'"," TimeoutError('The read operation timed out')},); kwds", {}
,,,,,,,,,,,,
,,,,,,,,,,,,
,,,,,,,,,,,,
,,,,,,,,,,,,
,,,,,,,,,,,,
,,,,,,,,,,,,
,,,,,,,,,,,,
,,,,,,,,,,,,
,,,,,,,,,,,,
,,,,,,,,,,,,
,,,,,,,,,,,,
,,,,,,,,,,,,
,,,,,,,,,,,,
,,,,,,,,,,,,
,,,,,,,,,,,,
,,,,,,,,,,,,
,,,,,,,,,,,,
,,,,,,,,,,,,
,,,,,,,,,,,,
,,,,,,,,,,,,
,,,,,,,,,,,,
,,,,,,,,,,,,
 The read operation timed out,,,,,,,,,,,,
21,"31,817 CRITICAL [imdbpy] /Users/niranjanganesan/PycharmProjects/ECE584/venv/lib/python3.11/site-packages/imdb/__init__.py",850," caught an exception retrieving or parsing ""plot"" info set for mopID ""9052870"" (accessSystem", http),,,,,,,,
,,,,,,,,,,,,
,,,,,,,,,,,,
,,,,,,,,,,,,
,,,,,,,,,,,,
,,,,,,,,,,,,
,,,,,,,,,,,,
,,,,,,,,,,,,
,,,,,,,,,,,,
,,,,,,,,,,,,
,,,,,,,,,,,,
,,,,,,,,,,,,
,,,,,,,,,,,,
,,,,,,,,,,,,
,,,,,,,,,,,,
,,,,,,,,,,,,
,,,,,,,,,,,,
,,,,,,,,,,,,
,,,,,,,,,,,,
,,,,,,,,,,,,
,,,,,,,,,,,,
,,,,,,,,,,,,
,,,,,,,,,,,,
 The read operation timed out,,,,,,,,,,,,
,,,,,,,,,,,,
,,,,,,,,,,,,
,,,,,,,,,,,,
,,,,,,,,,,,,
,,,,,,,,,,,,
,,,,,,,,,,,,
,,,,,,,,,,,,
,,,,,,,,,,,,
,,,,,,,,,,,,
,,,,,,,,,,,,
,,,,,,,,,,,,
,,,,,,,,,,,,
,,,,,,,,,,,,
,,,,,,,,,,,,
,,,,,,,,,,,,
 {'errcode'," None, 'errmsg'"," 'None', 'url'", 'https,"//www.imdb.com/title/tt9052870/plotsummary', 'proxy'"," '', 'exception type'"," 'IOError', 'original exception'", TimeoutError('The read operation timed out')},,,,,
 {'errcode'," None, 'errmsg'"," 'None', 'url'", 'https,"//www.imdb.com/title/tt9052870/plotsummary', 'proxy'"," '', 'exception type'"," 'IOError', 'original exception'", TimeoutError('The read operation timed out')},,,,,
" Tanu Weds Manu Returns, Release Year",2015,,,,,,,,,,,
" Bodyguard, Release Year",2018,,,,,,,,,,,
" Dilwale, Release Year",2015,,,,,,,,,,,
" Super 30, Release Year",2019,,,,,,,,,,,
" Tu Jhoothi Main Makkar, Release Year",2023,,,,,,,,,,,
" Dabangg 3, Release Year",2019,,,,,,,,,,,
" Saaho, Release Year",2019,,,,,,,,,,,
" Thugs Of Hindostan, Release Year",2018,,,,,,,,,,,
" Dream Girl, Release Year",2019,,,,,,,,,,,
" Singham Returns, Release Year",2014,,,,,,,,,,,
" Dabangg, Release Year",2010,,,,,,,,,,,
" Gully Boy, Release Year",2019,,,,,,,,,,,
" Judwaa 2, Release Year",2017,,,,,,,,,,,
" Badhaai Ho, Release Year",2018,,,,,,,,,,,
" The Kerala Story, Release Year",2023,,,,,,,,,,,
" Toilet Ek Prem Katha, Release Year",2017,,,,,,,,,,,
" Rowdy Rathore, Release Year",2012,,,,,,,,,,,
 M.S. Dhoni," The Untold Story, Release Year",2016,,,,,,,,,,
" Gangubai Kathiawadi, Release Year",2022,,,,,,,,,,,
" Stree, Release Year",2018,,,,,,,,,,,
" Airlift, Release Year",2016,,,,,,,,,,,
 Avatar," The Way of Water, Release Year",2022,,,,,,,,,,
" Rustom, Release Year",2016,,,,,,,,,,,
" Raazi, Release Year",2018,,,,,,,,,,,
" Ready, Release Year",2019,,,,,,,,,,,
" Jab Tak Hai Jaan, Release Year",2012,,,,,,,,,,,
" Tubelight, Release Year",2017,,,,,,,,,,,
" Baahubali, Release Year",2015,,,,,,,,,,,
" Agneepath, Release Year",2012,,,,,,,,,,,
" Badrinath Ki Dulhania, Release Year",2017,,,,,,,,,,,
" Goliyon Ki Rasleela Ram-Leela, Release Year",2013,,,,,,,,,,,
" Jai Ho, Release Year",2014,,,,,,,,,,,
" Jolly LLB 2, Release Year",2017,,,,,,,,,,,
" Avengers End Game, Release Year",2018,,,,,,,,,,,
" Bala, Release Year",2019,,,,,,,,,,,
" Ra.One, Release Year",2011,,,,,,,,,,,
" Ghajini, Release Year",2008,,,,,,,,,,,
" Ae Dil Hai Mushkil, Release Year",2016,,,,,,,,,,,
" Holiday, Release Year",2006,,,,,,,,,,,
" Barfi!, Release Year",2012,,,,,,,,,,,
" Housefull 2, Release Year",2012,,,,,,,,,,,
" Housefull 3, Release Year",2016,,,,,,,,,,,
" Gold, Release Year",2022,,,,,,,,,,,
" Kisi Ka Bhai Kisi Ki Jaan, Release Year",2023,,,,,,,,,,,
" Sonu Ke Titu Ki Sweety, Release Year",2018,,,,,,,,,,,
" Bhaag Milkha Bhaag, Release Year",2013,,,,,,,,,,,
 Don 2," The Chase Continues, Release Year",2011,,,,,,,,,,
" Golmaal 3, Release Year",2010,,,,,,,,,,,
 Pushpa," The Rise (Part 1), Release Year",2021,,,,,,,,,,
" ABCD 2, Release Year",2015,,,,,,,,,,,
" Ek Villain, Release Year",2014,,,,,,,,,,,
" Son Of Sardaar, Release Year",2012,,,,,,,,,,,
" Kaabil, Release Year",2017,,,,,,,,,,,
" De De Pyaar De, Release Year",2019,,,,,,,,,,,
" 83, Release Year",2021,,,,,,,,,,,
25,"53,023 CRITICAL [imdbpy] /Users/niranjanganesan/PycharmProjects/ECE584/venv/lib/python3.11/site-packages/imdb/_exceptions.py",32, IMDbDataAccessError exception raised; args, ({'errcode'," None, 'errmsg'"," 'None', 'url'", 'https,"//www.imdb.com/title/tt1728986/plotsummary', 'proxy'"," '', 'exception type'"," 'IOError', 'original exception'"," TimeoutError('The read operation timed out')},); kwds", {}
,,,,,,,,,,,,
,,,,,,,,,,,,
,,,,,,,,,,,,
,,,,,,,,,,,,
,,,,,,,,,,,,
,,,,,,,,,,,,
,,,,,,,,,,,,
,,,,,,,,,,,,
,,,,,,,,,,,,
,,,,,,,,,,,,
,,,,,,,,,,,,
,,,,,,,,,,,,
,,,,,,,,,,,,
,,,,,,,,,,,,
,,,,,,,,,,,,
,,,,,,,,,,,,
,,,,,,,,,,,,
,,,,,,,,,,,,
,,,,,,,,,,,,
,,,,,,,,,,,,
,,,,,,,,,,,,
,,,,,,,,,,,,
,,,,,,,,,,,,
,,,,,,,,,,,,
,,,,,,,,,,,,
 The read operation timed out,,,,,,,,,,,,
25,"53,026 CRITICAL [imdbpy] /Users/niranjanganesan/PycharmProjects/ECE584/venv/lib/python3.11/site-packages/imdb/__init__.py",850," caught an exception retrieving or parsing ""plot"" info set for mopID ""1728986"" (accessSystem", http),,,,,,,,
,,,,,,,,,,,,
,,,,,,,,,,,,
,,,,,,,,,,,,
,,,,,,,,,,,,
,,,,,,,,,,,,
,,,,,,,,,,,,
,,,,,,,,,,,,
,,,,,,,,,,,,
,,,,,,,,,,,,
,,,,,,,,,,,,
,,,,,,,,,,,,
,,,,,,,,,,,,
,,,,,,,,,,,,
,,,,,,,,,,,,
,,,,,,,,,,,,
,,,,,,,,,,,,
,,,,,,,,,,,,
,,,,,,,,,,,,
,,,,,,,,,,,,
,,,,,,,,,,,,
,,,,,,,,,,,,
,,,,,,,,,,,,
,,,,,,,,,,,,
,,,,,,,,,,,,
,,,,,,,,,,,,
 The read operation timed out,,,,,,,,,,,,
,,,,,,,,,,,,
,,,,,,,,,,,,
,,,,,,,,,,,,
,,,,,,,,,,,,
,,,,,,,,,,,,
,,,,,,,,,,,,
,,,,,,,,,,,,
,,,,,,,,,,,,
,,,,,,,,,,,,
,,,,,,,,,,,,
,,,,,,,,,,,,
,,,,,,,,,,,,
,,,,,,,,,,,,
,,,,,,,,,,,,
,,,,,,,,,,,,
 {'errcode'," None, 'errmsg'"," 'None', 'url'", 'https,"//www.imdb.com/title/tt1728986/plotsummary', 'proxy'"," '', 'exception type'"," 'IOError', 'original exception'", TimeoutError('The read operation timed out')},,,,,
 {'errcode'," None, 'errmsg'"," 'None', 'url'", 'https,"//www.imdb.com/title/tt1728986/plotsummary', 'proxy'"," '', 'exception type'"," 'IOError', 'original exception'", TimeoutError('The read operation timed out')},,,,,
" Raid, Release Year",2011,,,,,,,,,,,
" 2 States, Release Year",2014,,,,,,,,,,,
" Grand Masti, Release Year",2013,,,,,,,,,,,
" Race 2, Release Year",2010,,,,,,,,,,,
" Singham, Release Year",2011,,,,,,,,,,,
" Shivaay, Release Year",2016,,,,,,,,,,,
" Batla House, Release Year",2019,,,,,,,,,,,
" Zero, Release Year",2012,,,,,,,,,,,
" Welcome Back, Release Year",1975,,,,,,,,,,,
" Baaghi 3, Release Year",2020,,,,,,,,,,,
" Baby, Release Year",2017,,,,,,,,,,,
 Manikarnika," The Queen of Jhansi, Release Year",2019,,,,,,,,,,
" Luka Chuppi, Release Year",2019,,,,,,,,,,,
" Raajneeti, Release Year",2010,,,,,,,,,,,
" Talaash, Release Year",2012,,,,,,,,,,,
" Satyameva Jayate, Release Year",2021,,,,,,,,,,,
" Bholaa, Release Year",2023,,,,,,,,,,,
" Singh Is Bliing, Release Year",2015,,,,,,,,,,,
" Zindagi Na Milegi Dobara, Release Year",2011,,,,,,,,,,,
" Badla, Release Year",2019,,,,,,,,,,,
" Gabbar is Back, Release Year",2015,,,,,,,,,,,
" Rab Ne Bana Di Jodi, Release Year",2008,,,,,,,,,,,
" Kantara, Release Year",2022,,,,,,,,,,,
" Kalank, Release Year",2019,,,,,,,,,,,
" Pati Patni Aur Woh, Release Year",2019,,,,,,,,,,,
" JugJugg Jeeyo, Release Year",2022,,,,,,,,,,,
" Fan, Release Year",2016,,,,,,,,,,,
" My Name Is Khan, Release Year",2010,,,,,,,,,,,
" Brothers, Release Year",2001,,,,,,,,,,,
" Padman, Release Year",2018,,,,,,,,,,,
" Oh My God, Release Year",2012,,,,,,,,,,,
" Veere Di Wedding, Release Year",2018,,,,,,,,,,,
" Sairat, Release Year",2016,,,,,,,,,,,
" Dhoom 2, Release Year",2006,,,,,,,,,,,
" Fukrey Returns, Release Year",2017,,,,,,,,,,,
" The Dirty Picture, Release Year",2011,,,,,,,,,,,
" Piku, Release Year",2015,,,,,,,,,,,
" Sui Dhaaga - Made In India, Release Year",2018,,,,,,,,,,,
" Vikram Vedha, Release Year",2022,,,,,,,,,,,
" Gunday, Release Year",2014,,,,,,,,,,,
" Om Shanti Om, Release Year",2007,,,,,,,,,,,
" Baadshaho, Release Year",2017,,,,,,,,,,,
" Aashiqui 2, Release Year",2013,,,,,,,,,,,
" Dil Dhadakne Do, Release Year",2015,,,,,,,,,,,
" Humpty Sharma Ki Dulhania, Release Year",2014,,,,,,,,,,,
 Gadar," Ek Prem Katha, Release Year",2001,,,,,,,,,,
" Baaghi, Release Year",2016,,,,,,,,,,,
" Housefull, Release Year",2019,,,,,,,,,,,
" Neerja, Release Year",2016,,,,,,,,,,,
" Lage Raho Munna Bhai, Release Year",2006,,,,,,,,,,,
" Ram Setu, Release Year",2022,,,,,,,,,,,
" Andhadhun, Release Year",2018,,,,,,,,,,,
" Dhadak, Release Year",2018,,,,,,,,,,,
" Street Dancer 3D, Release Year",2020,,,,,,,,,,,
" Kapoor & Sons, Release Year",2016,,,,,,,,,,,
" Hum Aapke Hain Koun..!, Release Year",1994,,,,,,,,,,,
" Entertainment, Release Year",1981,,,,,,,,,,,
" Krrish, Release Year",2006,,,,,,,,,,,
" Cocktail, Release Year",1988,,,,,,,,,,,
" Student Of The Year 2, Release Year",2019,,,,,,,,,,,
" Khiladi 786, Release Year",2012,,,,,,,,,,,
" Welcome, Release Year",2022,,,,,,,,,,,
" Dishoom, Release Year",2016,,,,,,,,,,,
" Student Of The Year, Release Year",2012,,,,,,,,,,,
" Raaz 3, Release Year",2012,,,,,,,,,,,
" Hindi Medium, Release Year",2017,,,,,,,,,,,
" Bhediya, Release Year",2022,,,,,,,,,,,
" Kedarnath, Release Year",2018,,,,,,,,,,,
" Dear Zindagi, Release Year",2016,,,,,,,,,,,
 {'errcode'," None, 'errmsg'"," 'None', 'url'", 'https,"//www.imdb.com/title/tt1146325/plotsummary', 'proxy'"," '', 'exception type'"," 'IOError', 'original exception'", TimeoutError('The read operation timed out')},,,,,
30,"57,588 CRITICAL [imdbpy] /Users/niranjanganesan/PycharmProjects/ECE584/venv/lib/python3.11/site-packages/imdb/_exceptions.py",32, IMDbDataAccessError exception raised; args, ({'errcode'," None, 'errmsg'"," 'None', 'url'", 'https,"//www.imdb.com/title/tt1146325/plotsummary', 'proxy'"," '', 'exception type'"," 'IOError', 'original exception'"," TimeoutError('The read operation timed out')},); kwds", {}
,,,,,,,,,,,,
,,,,,,,,,,,,
,,,,,,,,,,,,
,,,,,,,,,,,,
,,,,,,,,,,,,
,,,,,,,,,,,,
,,,,,,,,,,,,
,,,,,,,,,,,,
,,,,,,,,,,,,
,,,,,,,,,,,,
,,,,,,,,,,,,
,,,,,,,,,,,,
,,,,,,,,,,,,
,,,,,,,,,,,,
,,,,,,,,,,,,
,,,,,,,,,,,,
,,,,,,,,,,,,
,,,,,,,,,,,,
,,,,,,,,,,,,
,,,,,,,,,,,,
,,,,,,,,,,,,
,,,,,,,,,,,,
,,,,,,,,,,,,
,,,,,,,,,,,,
,,,,,,,,,,,,
,,,,,,,,,,,,
,,,,,,,,,,,,
,,,,,,,,,,,,
,,,,,,,,,,,,
,,,,,,,,,,,,
,,,,,,,,,,,,
,,,,,,,,,,,,
,,,,,,,,,,,,
,,,,,,,,,,,,
,,,,,,,,,,,,
,,,,,,,,,,,,
,,,,,,,,,,,,
,,,,,,,,,,,,
,,,,,,,,,,,,
,,,,,,,,,,,,
,,,,,,,,,,,,
,,,,,,,,,,,,
,,,,,,,,,,,,
,,,,,,,,,,,,
,,,,,,,,,,,,
,,,,,,,,,,,,
,,,,,,,,,,,,
,,,,,,,,,,,,
,,,,,,,,,,,,
,,,,,,,,,,,,
,,,,,,,,,,,,
,,,,,,,,,,,,
,,,,,,,,,,,,
,,,,,,,,,,,,
 The read operation timed out,,,,,,,,,,,,
30,"57,594 CRITICAL [imdbpy] /Users/niranjanganesan/PycharmProjects/ECE584/venv/lib/python3.11/site-packages/imdb/__init__.py",850," caught an exception retrieving or parsing ""plot"" info set for mopID ""1146325"" (accessSystem", http),,,,,,,,
,,,,,,,,,,,,
,,,,,,,,,,,,
,,,,,,,,,,,,
,,,,,,,,,,,,
,,,,,,,,,,,,
,,,,,,,,,,,,
,,,,,,,,,,,,
,,,,,,,,,,,,
,,,,,,,,,,,,
,,,,,,,,,,,,
,,,,,,,,,,,,
,,,,,,,,,,,,
,,,,,,,,,,,,
,,,,,,,,,,,,
,,,,,,,,,,,,
,,,,,,,,,,,,
,,,,,,,,,,,,
,,,,,,,,,,,,
,,,,,,,,,,,,
,,,,,,,,,,,,
,,,,,,,,,,,,
,,,,,,,,,,,,
,,,,,,,,,,,,
,,,,,,,,,,,,
,,,,,,,,,,,,
,,,,,,,,,,,,
,,,,,,,,,,,,
,,,,,,,,,,,,
,,,,,,,,,,,,
,,,,,,,,,,,,
,,,,,,,,,,,,
,,,,,,,,,,,,
,,,,,,,,,,,,
,,,,,,,,,,,,
,,,,,,,,,,,,
,,,,,,,,,,,,
,,,,,,,,,,,,
,,,,,,,,,,,,
,,,,,,,,,,,,
,,,,,,,,,,,,
,,,,,,,,,,,,
,,,,,,,,,,,,
,,,,,,,,,,,,
,,,,,,,,,,,,
,,,,,,,,,,,,
,,,,,,,,,,,,
,,,,,,,,,,,,
,,,,,,,,,,,,
,,,,,,,,,,,,
,,,,,,,,,,,,
,,,,,,,,,,,,
,,,,,,,,,,,,
,,,,,,,,,,,,
,,,,,,,,,,,,
 The read operation timed out,,,,,,,,,,,,
,,,,,,,,,,,,
,,,,,,,,,,,,
,,,,,,,,,,,,
,,,,,,,,,,,,
,,,,,,,,,,,,
,,,,,,,,,,,,
,,,,,,,,,,,,
,,,,,,,,,,,,
,,,,,,,,,,,,
,,,,,,,,,,,,
,,,,,,,,,,,,
,,,,,,,,,,,,
,,,,,,,,,,,,
,,,,,,,,,,,,
,,,,,,,,,,,,
 {'errcode'," None, 'errmsg'"," 'None', 'url'", 'https,"//www.imdb.com/title/tt1146325/plotsummary', 'proxy'"," '', 'exception type'"," 'IOError', 'original exception'", TimeoutError('The read operation timed out')},,,,,
" Chak De India, Release Year",2007,,,,,,,,,,,
" Tamasha, Release Year",2015,,,,,,,,,,,
" Drishyam, Release Year",2015,,,,,,,,,,,
" Special 26, Release Year",2013,,,,,,,,,,,
" Love Aaj Kal, Release Year",2009,,,,,,,,,,,
" Article 15, Release Year",2019,,,,,,,,,,,
" R... Rajkumar, Release Year",2013,,,,,,,,,,,
" Samrat Prithviraj, Release Year",2022,,,,,,,,,,,
" Parmanu The Story Of Pokhran, Release Year",2018,,,,,,,,,,,
" Pink, Release Year",1972,,,,,,,,,,,
" Jab Harry Met Sejal, Release Year",2017,,,,,,,,,,,
" Pyaar Ka Punchnama 2, Release Year",2015,,,,,,,,,,,
" Ajab Prem Ki Ghazab Kahani, Release Year",2009,,,,,,,,,,,
" Satyagraha, Release Year",2013,,,,,,,,,,,
" Humshakals, Release Year",2014,,,,,,,,,,,
" Secret Superstar, Release Year",2017,,,,,,,,,,,
" Taare Zameen Par, Release Year",2007,,,,,,,,,,,
" Shubh Mangal Zyada Saavdhan, Release Year",2020,,,,,,,,,,,
" Rockstar, Release Year",2011,,,,,,,,,,,
" Laal Singh Chaddha, Release Year",2022,,,,,,,,,,,
" Once Upon Ay Time In Mumbai Dobaara!, Release Year",2010,,,,,,,,,,,
" Tees Maar Khan, Release Year",2010,,,,,,,,,,,
" Queen, Release Year",2019,,,,,,,,,,,
" Wanted, Release Year",2008,,,,,,,,,,,
" Race, Release Year",2024,,,,,,,,,,,
" Udta Punjab, Release Year",2016,,,,,,,,,,,
" Half Girlfriend, Release Year",2017,,,,,,,,,,,
" Befikre, Release Year",2016,,,,,,,,,,,
" Raanjhanaa, Release Year",2013,,,,,,,,,,,
" Partner, Release Year",2022,,,,,,,,,,,
" Besharam, Release Year",2013,,,,,,,,,,,
" Malang, Release Year",2020,,,,,,,,,,,
" Shootout at Wadala, Release Year",2013,,,,,,,,,,,
" Mere Brother Ki Dulhan, Release Year",2011,,,,,,,,,,,
" Mohenjo Daro, Release Year",2016,,,,,,,,,,,
" Action Jackson, Release Year",1988,,,,,,,,,,,
" Mary Kom, Release Year",2014,,,,,,,,,,,
" Haider, Release Year",2014,,,,,,,,,,,
" Jodhaa Akbar, Release Year",2008,,,,,,,,,,,
" Mubarakan, Release Year",2017,,,,,,,,,,,
" Once Upon a Time in Mumbaai, Release Year",2010,,,,,,,,,,,
" Jaane Tu... Ya Jaane Na, Release Year",2008,,,,,,,,,,,
" Yamla Pagla Deewana, Release Year",2011,,,,,,,,,,,
" Kabhi Khushi Kabhie Gham, Release Year",2001,,,,,,,,,,,
" Boss, Release Year",2022,,,,,,,,,,,
" Phantom, Release Year",2017,,,,,,,,,,,
" Jagga Jasoos, Release Year",2017,,,,,,,,,,,
" Dilwale Dulhania Le Jayenge, Release Year",1995,,,,,,,,,,,
" Rang De Basanti, Release Year",2006,,,,,,,,,,,
" Heropanti, Release Year",2014,,,,,,,,,,,
" Ki & Ka, Release Year",2016,,,,,,,,,,,
" 102 Not Out, Release Year",2018,,,,,,,,,,,
" Fanaa, Release Year",2006,,,,,,,,,,,
" Hate Story 3, Release Year",2015,,,,,,,,,,,
" Delhi Belly, Release Year",2011,,,,,,,,,,,
" Kahaani, Release Year",2023,,,,,,,,,,,
" Golmaal Returns, Release Year",2008,,,,,,,,,,,
" Main Tera Hero, Release Year",2014,,,,,,,,,,,
" Sachin A Billion Dreams, Release Year",2017,,,,,,,,,,,
 Sachin," A Billion Dreams, Release Year",2017,,,,,,,,,,
" Bachchhan Paandey, Release Year",2022,,,,,,,,,,,
 Don," The Chase Begins Again, Release Year",2006,,,,,,,,,,
" Badlapur, Release Year",2015,,,,,,,,,,,
" Kis Kisko Pyaar Karoon, Release Year",2015,,,,,,,,,,,
 Spider-Man," No Way Home, Release Year",2021,,,,,,,,,,
" Kai Po Che!, Release Year",2013,,,,,,,,,,,
" Bhool Bhulaiyaa, Release Year",2007,,,,,,,,,,,
" Kites, Release Year",2010,,,,,,,,,,,
" Raksha Bandhan, Release Year",2022,,,,,,,,,,,
" De Dana Dan, Release Year",2009,,,,,,,,,,,
" Marjaavaan, Release Year",2019,,,,,,,,,,,
" Murder 2, Release Year",2023,,,,,,,,,,,
" Himmatwala, Release Year",1983,,,,,,,,,,,
" Mardaani 2, Release Year",2019,,,,,,,,,,,
" Heyy Babyy, Release Year",2007,,,,,,,,,,,
" Kambakkht Ishq, Release Year",2009,,,,,,,,,,,
" Koi... Mil Gaya, Release Year",2003,,,,,,,,,,,
" Kuch Kuch Hota Hai, Release Year",1998,,,,,,,,,,,
" Ragini MMS 2, Release Year",2014,,,,,,,,,,,
" Thank You, Release Year",2023,,,,,,,,,,,
" Shuddh Desi Romance, Release Year",2013,,,,,,,,,,,
" Hichki, Release Year",2018,,,,,,,,,,,
" October, Release Year",1990,,,,,,,,,,,
" Veer, Release Year",2004,,,,,,,,,,,
" Ishaqzaade, Release Year",2012,,,,,,,,,,,
" Guru, Release Year",2007,,,,,,,,,,,
" New York, Release Year",1992,,,,,,,,,,,
" Kyaa Super Kool Hai Hum, Release Year",2016,,,,,,,,,,,
" Kabhi Alvida Naa Kehna, Release Year",2006,,,,,,,,,,,
" No Entry, Release Year",2005,,,,,,,,,,,
" Roy, Release Year",1995,,,,,,,,,,,
 K.G.F ," Chapter 1, Release Year",2018,,,,,,,,,,
 ABCD," Any Body Can Dance, Release Year",2013,,,,,,,,,,
" Dostana, Release Year",2008,,,,,,,,,,,
" Double Dhamaal, Release Year",2011,,,,,,,,,,,
" Kaho Naa... Pyaar Hai, Release Year",2000,,,,,,,,,,,
" Heroine, Release Year",2012,,,,,,,,,,,
" Ek Villain Returns, Release Year",2022,,,,,,,,,,,
" Raja Hindustani, Release Year",1996,,,,,,,,,,,
" Agent Vinod, Release Year",2012,,,,,,,,,,,
" Shaandaar, Release Year",2015,,,,,,,,,,,
" I Hate Luv Storys, Release Year",2010,,,,,,,,,,,
" Romeo Akbar Walter, Release Year",2019,,,,,,,,,,,
" Shubh Mangal Saavdhan, Release Year",2017,,,,,,,,,,,
" Madras Cafe, Release Year",2013,,,,,,,,,,,
" Desi Boyz, Release Year",2011,,,,,,,,,,,
" Veer-Zaara, Release Year",2004,,,,,,,,,,,
" Jannat 2, Release Year",2012,,,,,,,,,,,
" Mohabbatein, Release Year",2000,,,,,,,,,,,
" Devdas, Release Year",2002,,,,,,,,,,,
 All The Best," Fun Begins, Release Year",2009,,,,,,,,,,
" Kaminey, Release Year",2009,,,,,,,,,,,
" Chashme Baddoor, Release Year",2013,,,,,,,,,,,
" Pagalpanti, Release Year",2019,,,,,,,,,,,
" Atithi Tum Kab Jaoge?, Release Year",2010,,,,,,,,,,,
" Wazir, Release Year",2016,,,,,,,,,,,
" Batti Gul Meter Chalu, Release Year",2018,,,,,,,,,,,
" Phir Hera Pheri, Release Year",2006,,,,,,,,,,,
" Matru Ki Bijlee Ka Mandola, Release Year",2013,,,,,,,,,,,
" Anjaana Anjaani, Release Year",2010,,,,,,,,,,,
" Bhagam Bhag, Release Year",2006,,,,,,,,,,,
" Love Aaj Kal, Release Year",2009,,,,,,,,,,,
" Yaariyan, Release Year",2023,,,,,,,,,,,
" Shamshera, Release Year",2022,,,,,,,,,,,
" Aarakshan, Release Year",2011,,,,,,,,,,,
 Antim," The Final Truth, Release Year",2021,,,,,,,,,,
" Ek Main Aur Ekk Tu, Release Year",2012,,,,,,,,,,,
" Border, Release Year",2018,,,,,,,,,,,
" Bhoothnath Returns, Release Year",2014,,,,,,,,,,,
" Tevar, Release Year",2015,,,,,,,,,,,
 Hum Saath-Saath Hain," We Stand United, Release Year",1999,,,,,,,,,,
" Kal Ho Naa Ho, Release Year",2003,,,,,,,,,,,
" Khatta Meetha, Release Year",2010,,,,,,,,,,,
" Blue, Release Year",2023,,,,,,,,,,,
" Cirkus, Release Year",2022,,,,,,,,,,,
" A Flying Jatt, Release Year",2016,,,,,,,,,,,
" Ta Ra Rum Pum, Release Year",2007,,,,,,,,,,,
" Hasee Toh Phasee, Release Year",2014,,,,,,,,,,,
" Main Hoon Na, Release Year",2004,,,,,,,,,,,
" MOM, Release Year",2013,,,,,,,,,,,
" Namastey London, Release Year",2007,,,,,,,,,,,
" Shaadi Ke Side Effects, Release Year",2014,,,,,,,,,,,
" Naam Shabana, Release Year",2017,,,,,,,,,,,
" Tanu Weds Manu, Release Year",2011,,,,,,,,,,,
" Bachna Ae Haseeno, Release Year",2008,,,,,,,,,,,
" Phata Poster Nikla Hero, Release Year",2013,,,,,,,,,,,
" Thank God, Release Year",2022,,,,,,,,,,,
" Fukrey, Release Year",2023,,,,,,,,,,,
" Mastizaade, Release Year",2016,,,,,,,,,,,
" Bunty Aur Babli, Release Year",2021,,,,,,,,,,,
" Tumhari Sulu, Release Year",2017,,,,,,,,,,,
" Bullett Raja, Release Year",2013,,,,,,,,,,,
" Ramaiya Vastavaiya, Release Year",2013,,,,,,,,,,,
" Ghayal Once Again, Release Year",2016,,,,,,,,,,,
" Force 2, Release Year",2016,,,,,,,,,,,
" Mardaani, Release Year",2014,,,,,,,,,,,
" Finding Fanny, Release Year",2014,,,,,,,,,,,
" Runway 34, Release Year",2022,,,,,,,,,,,
" Vicky Donor, Release Year",2012,,,,,,,,,,,
" Badmaash Company, Release Year",2010,,,,,,,,,,,
" Chhapaak, Release Year",2020,,,,,,,,,,,
" Dil To Pagal Hai, Release Year",1997,,,,,,,,,,,
" English Vinglish, Release Year",2012,,,,,,,,,,,
" Judgementall Hai Kya, Release Year",2019,,,,,,,,,,,
" Hamari Adhuri Kahani, Release Year",2015,,,,,,,,,,,
 Lagaan," Once Upon a Time in India, Release Year",2001,,,,,,,,,,
" Bareilly Ki Barfi, Release Year",2017,,,,,,,,,,,
" Sarkar Raj, Release Year",2008,,,,,,,,,,,
" Yamla Pagla Deewana 2, Release Year",2013,,,,,,,,,,,
" Panipat, Release Year",2019,,,,,,,,,,,
" Hero, Release Year",2002,,,,,,,,,,,
" Bell Bottom, Release Year",2021,,,,,,,,,,,
" Azhar, Release Year",2016,,,,,,,,,,,
" Kill Dil, Release Year",2014,,,,,,,,,,,
" Dhamaal, Release Year",2007,,,,,,,,,,,
" Kahaani 2, Release Year",2016,,,,,,,,,,,
" Ladies vs Ricky Bahl, Release Year",2011,,,,,,,,,,,
" Uunchai, Release Year",2022,,,,,,,,,,,
" Munna Michael, Release Year",2017,,,,,,,,,,,
" Ghanchakkar, Release Year",2013,,,,,,,,,,,
" Jai Gangaajal, Release Year",2016,,,,,,,,,,,
" Rascals, Release Year",1994,,,,,,,,,,,
" Jolly LLB, Release Year",2013,,,,,,,,,,,
" NH10, Release Year",2015,,,,,,,,,,,
" Soorma, Release Year",2018,,,,,,,,,,,
" Commando 3, Release Year",2019,,,,,,,,,,,
" Shehzada, Release Year",2023,,,,,,,,,,,
" Dhoom, Release Year",2004,,,,,,,,,,,
" Karthikeya 2, Release Year",2022,,,,,,,,,,,
" Baar Baar Dekho, Release Year",2016,,,,,,,,,,,
" Vivah, Release Year",2006,,,,,,,,,,,
" Patiala House, Release Year",2011,,,,,,,,,,,
" Bhoot Part One, Release Year",2020,,,,,,,,,,,
" Jab We Met, Release Year",2007,,,,,,,,,,,
" Highway, Release Year",1984,,,,,,,,,,,
" Thappad, Release Year",2020,,,,,,,,,,,
" Talvar, Release Year",2015,,,,,,,,,,,
" Delhi-6, Release Year",2009,,,,,,,,,,,
" Raaz Reboot, Release Year",2016,,,,,,,,,,,
" Peepli Live, Release Year",2010,,,,,,,,,,,
" Paa, Release Year",2009,,,,,,,,,,,
" Jism 2, Release Year",2012,,,,,,,,,,,
" Ittefaq, Release Year",2017,,,,,,,,,,,
" Dum Laga Ke Haisha, Release Year",2015,,,,,,,,,,,
" Jannat, Release Year",2008,,,,,,,,,,,
 Thor," Love And Thunder, Release Year",2022,,,,,,,,,,
 Golmaal," Fun Unlimited, Release Year",2006,,,,,,,,,,
" Mausam, Release Year",1975,,,,,,,,,,,
" Shootout at Lokhandwala, Release Year",2007,,,,,,,,,,,
" Tashan, Release Year",2008,,,,,,,,,,,
" Chandni Chowk to China, Release Year",2009,,,,,,,,,,,
" Mujhse Shaadi Karogi, Release Year",2004,,,,,,,,,,,
" Guzaarish, Release Year",2010,,,,,,,,,,,
" Action Replayy, Release Year",2010,,,,,,,,,,,
" Garam Masala, Release Year",2005,,,,,,,,,,,
" Lootera, Release Year",2013,,,,,,,,,,,
" Dil Toh Baccha Hai Ji, Release Year",2011,,,,,,,,,,,
" Ferrari Ki Sawaari, Release Year",2012,,,,,,,,,,,
" Happy Bhaag Jayegi, Release Year",2016,,,,,,,,,,,
" Akira, Release Year",1988,,,,,,,,,,,
" Pari, Release Year",2018,,,,,,,,,,,
" Players, Release Year",2022,,,,,,,,,,,
" London Dreams, Release Year",2009,,,,,,,,,,,
" PM Narendra Modi, Release Year",2019,,,,,,,,,,,
" Doctor Strange In The Multiverse Of Madness, Release Year",2022,,,,,,,,,,,
" Ishqiya, Release Year",2010,,,,,,,,,,,
" Baazaar, Release Year",2018,,,,,,,,,,,
" Kyaa Kool Hain Hum 3, Release Year",2016,,,,,,,,,,,
" Doctor G, Release Year",2017,,,,,,,,,,,
" No Problem, Release Year",2010,,,,,,,,,,,
" Manmarziyaan, Release Year",2018,,,,,,,,,,,
" Wake Up Sid, Release Year",2009,,,,,,,,,,,
" No One Killed Jessica, Release Year",2011,,,,,,,,,,,
 Mangal Pandey," The Rising, Release Year",2005,,,,,,,,,,
" Sanam Re, Release Year",2016,,,,,,,,,,,
" Panga, Release Year",2020,,,,,,,,,,,
" Dedh Ishqiya, Release Year",2014,,,,,,,,,,,
" Sarbjit, Release Year",2016,,,,,,,,,,,
" Force, Release Year",2023,,,,,,,,,,,
" Jawaani Jaaneman, Release Year",2020,,,,,,,,,,,
" Jhoom Barabar Jhoom, Release Year",2007,,,,,,,,,,,
" Hate Story 2, Release Year",2014,,,,,,,,,,,
" Detective Byomkesh Bakshy, Release Year",2015,,,,,,,,,,,
" Tadap, Release Year",2021,,,,,,,,,,,
" Malamaal Weekly, Release Year",2006,,,,,,,,,,,
" Raja Natwarlal, Release Year",2014,,,,,,,,,,,
" Singh Saab The Great, Release Year",2013,,,,,,,,,,,
" Ek Paheli Leela, Release Year",2015,,,,,,,,,,,
" Fashion, Release Year",2008,,,,,,,,,,,
 The Hero," Love Story of a Spy, Release Year",2003,,,,,,,,,,
" Salaam Namaste, Release Year",2005,,,,,,,,,,,
" Khakee, Release Year",2022,,,,,,,,,,,
" Karan Arjun, Release Year",1995,,,,,,,,,,,
" Karthik Calling Karthik, Release Year",2010,,,,,,,,,,,
" Raabta, Release Year",2017,,,,,,,,,,,
" Dhobi Ghat, Release Year",2010,,,,,,,,,,,
" Biwi No.1, Release Year",1999,,,,,,,,,,,
" Maine Pyaar Kyun Kiya?, Release Year",2005,,,,,,,,,,,
" Ek Thi Daayan, Release Year",2013,,,,,,,,,,,
" Teri Meri Kahaani, Release Year",2012,,,,,,,,,,,
" Haunted 3D 2011, Release Year",2011,,,,,,,,,,,
" F.A.L.T.U, Release Year",2022,,,,,,,,,,,
" Raaz-The Mystery Continues 2009, Release Year",2009,,,,,,,,,,,
" Daawat-E-Ishq, Release Year",2014,,,,,,,,,,,
" Jazbaa, Release Year",2015,,,,,,,,,,,
" Rock On!!, Release Year",2008,,,,,,,,,,,
" Commando 2, Release Year",2017,,,,,,,,,,,
" Rocky Handsome, Release Year",2016,,,,,,,,,,,
" Gangs of Wasseypur, Release Year",2012,,,,,,,,,,,
" Go Goa Gone, Release Year",2013,,,,,,,,,,,
" Jaan-E-Mann, Release Year",2006,,,,,,,,,,,
" Ishq, Release Year",2019,,,,,,,,,,,
" Junglee, Release Year",1961,,,,,,,,,,,
" Hum Dil De Chuke Sanam, Release Year",1999,,,,,,,,,,,
" Sarkar, Release Year",2018,,,,,,,,,,,
" Katti Batti, Release Year",2015,,,,,,,,,,,
" Mr. X, Release Year", N/A,,,,,,,,,,,
" Khoobsurat, Release Year",2014,,,,,,,,,,,
" Indian, Release Year",2023,,,,,,,,,,,
" Enthiran, Release Year",2010,,,,,,,,,,,
" D Day, Release Year",2013,,,,,,,,,,,
" Bombay Velvet, Release Year",2015,,,,,,,,,,,
" Saand Ki Aankh, Release Year",2019,,,,,,,,,,,
" Bhoothnath, Release Year",2008,,,,,,,,,,,
" OK Jaanu, Release Year",2017,,,,,,,,,,,
" Lakshya, Release Year",2004,,,,,,,,,,,
" Dil Bole Hadippa!, Release Year",2009,,,,,,,,,,,
" Thackeray, Release Year",2019,,,,,,,,,,,
" Dus, Release Year",2005,,,,,,,,,,,
" Omkara, Release Year",2006,,,,,,,,,,,
" Black, Release Year",2011,,,,,,,,,,,
" Munna Bhai M.B.B.S., Release Year",2003,,,,,,,,,,,
" Ponniyin Selvan - Part 1, Release Year",2022,,,,,,,,,,,
" 36 China Town, Release Year",2006,,,,,,,,,,,
" Mission Kashmir, Release Year",2000,,,,,,,,,,,
 Salaam-e-Ishq," A Tribute to Love, Release Year",2007,,,,,,,,,,
" Pardes, Release Year",1997,,,,,,,,,,,
" Billu, Release Year",2009,,,,,,,,,,,
" Kismat Konnection, Release Year",2008,,,,,,,,,,,
" 1920 - Evil Returns, Release Year",2012,,,,,,,,,,,
" Mere Baap Pehle Aap, Release Year",2008,,,,,,,,,,,
" Joker, Release Year",2019,,,,,,,,,,,
" Murder 3, Release Year",2013,,,,,,,,,,,
" Ek Ladki Ko Dekha Toh Aisa Laga, Release Year",2019,,,,,,,,,,,
" Mrs Chatterjee Vs Norway, Release Year",2023,,,,,,,,,,,
" Chandigarh Kare Aashiqui, Release Year",2021,,,,,,,,,,,
" Saawariya, Release Year",2007,,,,,,,,,,,
" Shamitabh, Release Year",2015,,,,,,,,,,,
" Hate Story 4, Release Year",2018,,,,,,,,,,,
" Taal, Release Year",1999,,,,,,,,,,,
" Aurangzeb, Release Year",2013,,,,,,,,,,,
 Rocketry," The Nambi Effect, Release Year",2022,,,,,,,,,,
" Happy Phirr Bhag Jayegi, Release Year",2018,,,,,,,,,,,
" Roohi, Release Year",2021,,,,,,,,,,,
" Apne, Release Year",2007,,,,,,,,,,,
" Black Adam, Release Year",2022,,,,,,,,,,,
 Jurassic World," Dominion, Release Year",2022,,,,,,,,,,
" Gangs Of Wasseypur 2, Release Year",2023,,,,,,,,,,,
" Saheb Biwi Aur Gangster Returns, Release Year",2013,,,,,,,,,,,
 Black Panther," Wakanda Forever, Release Year",2022,,,,,,,,,,
" Nautanki Saala, Release Year",2013,,,,,,,,,,,
" Pyaar To Hona Hi Tha, Release Year",1998,,,,,,,,,,,
" Heropanti 2, Release Year",2022,,,,,,,,,,,
" Hum Tum, Release Year",2004,,,,,,,,,,,
" Raaz, Release Year",2002,,,,,,,,,,,
" Soldier, Release Year",1998,,,,,,,,,,,
" Commando-A One Man Army, Release Year",2013,,,,,,,,,,,
" Mulk, Release Year",2018,,,,,,,,,,,
" Baghban, Release Year",2003,,,,,,,,,,,
" Luck, Release Year",2022,,,,,,,,,,,
" Rangoon, Release Year",2017,,,,,,,,,,,
" U Me Aur Hum, Release Year",2008,,,,,,,,,,,
" A Gentleman, Release Year",1982,,,,,,,,,,,
" Newton, Release Year",1998,,,,,,,,,,,
" Jersey, Release Year",2009,,,,,,,,,,,
" Life Partner, Release Year",2009,,,,,,,,,,,
" Blackmail, Release Year",1929,,,,,,,,,,,
" Rangeela, Release Year",1995,,,,,,,,,,,
" Karwaan, Release Year",2018,,,,,,,,,,,
" The Ghazi Attack, Release Year",2017,,,,,,,,,,,
" Dil Chahta Hai, Release Year",2001,,,,,,,,,,,
 Rocket Singh," Salesman of the Year, Release Year",2009,,,,,,,,,,
" Kaante, Release Year",2002,,,,,,,,,,,
" Masti, Release Year",2004,,,,,,,,,,,
 Waqt," The Race Against Time, Release Year",2005,,,,,,,,,,
" The Accidental Prime Minister, Release Year",2019,,,,,,,,,,,
" The Sky Is Pink, Release Year",2019,,,,,,,,,,,
" Kidnap, Release Year",2017,,,,,,,,,,,
" Raja, Release Year",1995,,,,,,,,,,,
" The Lunchbox, Release Year",2013,,,,,,,,,,,
" Sunday, Release Year",2021,,,,,,,,,,,
" Hulchul, Release Year",2004,,,,,,,,,,,
" Tere Naal Love Ho Gaya, Release Year",2012,,,,,,,,,,,
" Badhaai Do, Release Year",2022,,,,,,,,,,,
" Taxi No. 9211, Release Year",2006,,,,,,,,,,,
" Krazzy 4, Release Year",2008,,,,,,,,,,,
" Chance Pe Dance, Release Year",2010,,,,,,,,,,,
" Agni Sakshi, Release Year",1996,,,,,,,,,,,
" Radhe Shyam, Release Year",2022,,,,,,,,,,,
" Ungli, Release Year",2014,,,,,,,,,,,
" Fitoor, Release Year",2016,,,,,,,,,,,
" Chalte Chalte, Release Year",2003,,,,,,,,,,,
" Alone, Release Year",1990,,,,,,,,,,,
" Lipstick Under My Burkha, Release Year",2016,,,,,,,,,,,
" Te3n, Release Year",2016,,,,,,,,,,,
" Dolly Ki Doli, Release Year",2015,,,,,,,,,,,
" Bade Miyan Chote Miyan, Release Year",2024,,,,,,,,,,,
" Barsaat, Release Year",1995,,,,,,,,,,,
" Kaal, Release Year",2005,,,,,,,,,,,
" Dulhan Hum Le Jayenge, Release Year",2000,,,,,,,,,,,
" Jabariya Jodi, Release Year",2019,,,,,,,,,,,
" Hum Kisise Kum Nahin, Release Year", N/A,,,,,,,,,,,
" Sarfarosh, Release Year",1999,,,,,,,,,,,
" Jodi No.1, Release Year",2003,,,,,,,,,,,
" Liger, Release Year",2022,,,,,,,,,,,
" Chori Chori Chupke Chupke, Release Year",2021,,,,,,,,,,,
" Madaari, Release Year",2016,,,,,,,,,,,
" Ziddi, Release Year",1997,,,,,,,,,,,
" Bluffmaster!, Release Year",2005,,,,,,,,,,,
 Gupt," The Hidden Truth, Release Year",1997,,,,,,,,,,
" Pyaar Kiya To Darna Kya, Release Year",1998,,,,,,,,,,,
" Jayeshbhai Jordaar, Release Year",2022,,,,,,,,,,,
" Begum Jaan, Release Year",2017,,,,,,,,,,,
" Josh, Release Year",2004,,,,,,,,,,,
" Fool n Final, Release Year",2007,,,,,,,,,,,
" Main Prem Ki Diwani Hoon, Release Year",2003,,,,,,,,,,,
" Creature, Release Year",2023,,,,,,,,,,,
" Break Ke Baad, Release Year",2010,,,,,,,,,,,
" Aankhen, Release Year",1993,,,,,,,,,,,
" 7 Khoon Maaf, Release Year",2011,,,,,,,,,,,
 Qayamat," City Under Threat, Release Year",2003,,,,,,,,,,
" Attack - Part 1, Release Year",2020,,,,,,,,,,,
" Laaga Chunari Mein Daag, Release Year",2007,,,,,,,,,,,
" Simran, Release Year",2017,,,,,,,,,,,
" Baabul, Release Year",2006,,,,,,,,,,,
" Mujhe Kucch Kehna Hai, Release Year",2001,,,,,,,,,,,
" Cheeni Kum, Release Year",2007,,,,,,,,,,,
" Band Baaja Baaraat, Release Year",2010,,,,,,,,,,,
" Ajnabee, Release Year",2001,,,,,,,,,,,
" Selfiee, Release Year",2023,,,,,,,,,,,
" Aiyaary, Release Year",2018,,,,,,,,,,,
" Refugee, Release Year",2000,,,,,,,,,,,
" Bombay Talkies, Release Year",2013,,,,,,,,,,,
" Hero No. 1, Release Year",1997,,,,,,,,,,,
" Section 375, Release Year",2019,,,,,,,,,,,
" Bewafaa, Release Year",2005,,,,,,,,,,,
" Hum Aapke Dil Mein Rehte Hain, Release Year",1999,,,,,,,,,,,
" Qarib Qarib Singlle, Release Year",2017,,,,,,,,,,,
" Yuvvraaj, Release Year",2008,,,,,,,,,,,
" Do Knot Disturb, Release Year",2009,,,,,,,,,,,
" Parineeta, Release Year",2005,,,,,,,,,,,
" Mumbai Saga, Release Year",2021,,,,,,,,,,,
" Jeet, Release Year",2021,,,,,,,,,,,
" Humraaz, Release Year",2002,,,,,,,,,,,
" The Tashkent Files, Release Year",2019,,,,,,,,,,,
" Awara Paagal Deewana, Release Year",2002,,,,,,,,,,,
" Kachche Dhaage, Release Year",1999,,,,,,,,,,,
" Swades, Release Year",2004,,,,,,,,,,,
" 1921, Release Year",2021,,,,,,,,,,,
" Andaaz, Release Year",2022,,,,,,,,,,,
" All Is Well, Release Year",2018,,,,,,,,,,,
" Dhol, Release Year",2007,,,,,,,,,,,
" Zilla Ghaziabad, Release Year",2013,,,,,,,,,,,
" Lajja, Release Year",2001,,,,,,,,,,,
59,"06,913 CRITICAL [imdbpy] /Users/niranjanganesan/PycharmProjects/ECE584/venv/lib/python3.11/site-packages/imdb/_exceptions.py",32, IMDbDataAccessError exception raised; args, ({'errcode'," None, 'errmsg'"," 'None', 'url'", 'https,"//www.imdb.com/title/tt0800956/reference', 'proxy'"," '', 'exception type'"," 'IOError', 'original exception'"," TimeoutError('The read operation timed out')},); kwds", {}
,,,,,,,,,,,,
,,,,,,,,,,,,
,,,,,,,,,,,,
,,,,,,,,,,,,
,,,,,,,,,,,,
,,,,,,,,,,,,
,,,,,,,,,,,,
,,,,,,,,,,,,
,,,,,,,,,,,,
,,,,,,,,,,,,
,,,,,,,,,,,,
,,,,,,,,,,,,
,,,,,,,,,,,,
,,,,,,,,,,,,
,,,,,,,,,,,,
,,,,,,,,,,,,
,,,,,,,,,,,,
,,,,,,,,,,,,
,,,,,,,,,,,,
,,,,,,,,,,,,
,,,,,,,,,,,,
,,,,,,,,,,,,
,,,,,,,,,,,,
,,,,,,,,,,,,
,,,,,,,,,,,,
 The read operation timed out,,,,,,,,,,,,
59,"06,915 CRITICAL [imdbpy] /Users/niranjanganesan/PycharmProjects/ECE584/venv/lib/python3.11/site-packages/imdb/__init__.py",850," caught an exception retrieving or parsing ""main"" info set for mopID ""0800956"" (accessSystem", http),,,,,,,,
,,,,,,,,,,,,
,,,,,,,,,,,,
,,,,,,,,,,,,
,,,,,,,,,,,,
,,,,,,,,,,,,
,,,,,,,,,,,,
,,,,,,,,,,,,
,,,,,,,,,,,,
,,,,,,,,,,,,
,,,,,,,,,,,,
,,,,,,,,,,,,
,,,,,,,,,,,,
,,,,,,,,,,,,
,,,,,,,,,,,,
,,,,,,,,,,,,
,,,,,,,,,,,,
,,,,,,,,,,,,
,,,,,,,,,,,,
,,,,,,,,,,,,
,,,,,,,,,,,,
,,,,,,,,,,,,
,,,,,,,,,,,,
,,,,,,,,,,,,
,,,,,,,,,,,,
,,,,,,,,,,,,
 The read operation timed out,,,,,,,,,,,,
,,,,,,,,,,,,
,,,,,,,,,,,,
,,,,,,,,,,,,
,,,,,,,,,,,,
,,,,,,,,,,,,
,,,,,,,,,,,,
,,,,,,,,,,,,
,,,,,,,,,,,,
,,,,,,,,,,,,
,,,,,,,,,,,,
,,,,,,,,,,,,
,,,,,,,,,,,,
,,,,,,,,,,,,
,,,,,,,,,,,,
,,,,,,,,,,,,
 {'errcode'," None, 'errmsg'"," 'None', 'url'", 'https,"//www.imdb.com/title/tt0800956/reference', 'proxy'"," '', 'exception type'"," 'IOError', 'original exception'", TimeoutError('The read operation timed out')},,,,,
 {'errcode'," None, 'errmsg'"," 'None', 'url'", 'https,"//www.imdb.com/title/tt0800956/reference', 'proxy'"," '', 'exception type'"," 'IOError', 'original exception'", TimeoutError('The read operation timed out')},,,,,
" Aitraaz, Release Year",2004,,,,,,,,,,,
" Kyaa Kool Hai Hum, Release Year",2005,,,,,,,,,,,
" Ponniyin Selvan - Part 2, Release Year",2023,,,,,,,,,,,
" Sholay, Release Year",1975,,,,,,,,,,,
" 1920 London, Release Year",2016,,,,,,,,,,,
" 8 x 10 Tasveer, Release Year",2009,,,,,,,,,,,
" Apaharan, Release Year",2005,,,,,,,,,,,
" Tezz, Release Year",2012,,,,,,,,,,,
" Har Dil Jo Pyar Karega, Release Year",2000,,,,,,,,,,,
" Guardians of the Galaxy Vol. 3, Release Year",2023,,,,,,,,,,,
" Badal, Release Year",2000,,,,,,,,,,,
" Deewane Huye Paagal, Release Year",2005,,,,,,,,,,,
" Tere Naam, Release Year",2003,,,,,,,,,,,
" Dev.D, Release Year",2009,,,,,,,,,,,
" Saathiya, Release Year",2002,,,,,,,,,,,
" Ghatak, Release Year",2006,,,,,,,,,,,
" Mela, Release Year",2000,,,,,,,,,,,
" Zanjeer, Release Year",2013,,,,,,,,,,,
" Haseena Maan Jaayegi, Release Year",1999,,,,,,,,,,,
" Saala Khadoos, Release Year",2016,,,,,,,,,,,
" Murder, Release Year",2023,,,,,,,,,,,
" Baadshah, Release Year",1999,,,,,,,,,,,
" Koyla, Release Year",1997,,,,,,,,,,,
" Jhund, Release Year",2022,,,,,,,,,,,
" Freaky Ali, Release Year",2016,,,,,,,,,,,
" Hamara Dil Aapke Paas Hai, Release Year",2000,,,,,,,,,,,
" Fiza, Release Year",2000,,,,,,,,,,,
" Gulaab Gang, Release Year",2014,,,,,,,,,,,
" Khiladiyon Ka Khiladi, Release Year",1996,,,,,,,,,,,
" Maine Pyar Kiya, Release Year",1989,,,,,,,,,,,
" Bhoot, Release Year",2021,,,,,,,,,,,
" Apna Sapna Money Money, Release Year",2006,,,,,,,,,,,
" Humko Deewana Kar Gaye, Release Year",2006,,,,,,,,,,,
" Satyameva Jayate 2, Release Year",2021,,,,,,,,,,,
" Yuva, Release Year",2004,,,,,,,,,,,
" Satya, Release Year",1998,,,,,,,,,,,
" Teraa Surroor, Release Year",2016,,,,,,,,,,,
" Dhadkan, Release Year",2000,,,,,,,,,,,
" Hindustan Ki Kasam, Release Year",1999,,,,,,,,,,,
" Bewakoofiyaan, Release Year",2014,,,,,,,,,,,
" Judaai, Release Year",1997,,,,,,,,,,,
" Bandit Queen, Release Year",1994,,,,,,,,,,,
" Hum Tumhare Hain Sanam, Release Year",2002,,,,,,,,,,,
 Ant-Man and the Wasp," Quantumania, Release Year",2023,,,,,,,,,,
 Khamoshiyan," Silences Have Secrets, Release Year",2015,,,,,,,,,,
" Dhan Dhana Dhan Goal, Release Year",2007,,,,,,,,,,,
" Great Grand Masti, Release Year",2016,,,,,,,,,,,
" Saajan Chale Sasural, Release Year",1996,,,,,,,,,,,
" Company, Release Year",1976,,,,,,,,,,,
" Chup Chup Ke, Release Year",2006,,,,,,,,,,,
" Aankhen, Release Year",1993,,,,,,,,,,,
" Deewana Mastana, Release Year",1997,,,,,,,,,,,
" Hunterrr, Release Year",2015,,,,,,,,,,,
" Hate Story, Release Year",2012,,,,,,,,,,,
" Babumoshai Bandookbaaz, Release Year",2017,,,,,,,,,,,
" Ghulam, Release Year",1998,,,,,,,,,,,
" India's Most Wanted, Release Year",2019,,,,,,,,,,,
" Bbuddah...Hoga Terra Baap, Release Year",2011,,,,,,,,,,,
" Maa Tujhhe Salaam, Release Year",2002,,,,,,,,,,,
" Judwaa, Release Year",1997,,,,,,,,,,,
" Paheli, Release Year",2005,,,,,,,,,,,
" Shaadi Mein Zaroor Aana, Release Year",2017,,,,,,,,,,,
" Major Saab, Release Year",1998,,,,,,,,,,,
" Major, Release Year",2012,,,,,,,,,,,
" Ujda Chaman, Release Year",2019,,,,,,,,,,,
" Khuda Haafiz Chapter II, Release Year",2022,,,,,,,,,,,
" Phone Bhoot, Release Year",2022,,,,,,,,,,,
" Mujhse Dosti Karoge!, Release Year",2002,,,,,,,,,,,
" China Gate, Release Year",1998,,,,,,,,,,,
" Halla Bol, Release Year",2008,,,,,,,,,,,
" Dulhe Raja, Release Year",1998,,,,,,,,,,,
" Kyon Ki, Release Year",2005,,,,,,,,,,,
" Gangster, Release Year",2007,,,,,,,,,,,
" Coolie No. 1, Release Year",2020,,,,,,,,,,,
" Manjhi - The Mountain Man, Release Year",2015,,,,,,,,,,,
" God Tussi Great Ho, Release Year",2008,,,,,,,,,,,
" Heroes, Release Year",2006,,,,,,,,,,,
" Hungama, Release Year",2003,,,,,,,,,,,
" Hera Pheri, Release Year",2000,,,,,,,,,,,
" Made In China, Release Year",2009,,,,,,,,,,,
" Mere Dad Ki Maruti, Release Year",2013,,,,,,,,,,,
" Kya Kehna, Release Year",2000,,,,,,,,,,,
" Mohra, Release Year",1994,,,,,,,,,,,
" Khalnayak, Release Year",1993,,,,,,,,,,,
" Bandhan, Release Year",2022,,,,,,,,,,,
" Bunty Aur Babli 2, Release Year",2021,,,,,,,,,,,
" Paan Singh Tomar, Release Year",2012,,,,,,,,,,,
" Yamla Pagla Deewana Phir Se, Release Year",2018,,,,,,,,,,,
" Fanney Khan, Release Year",2018,,,,,,,,,,,
" Pyare Mohan, Release Year",2006,,,,,,,,,,,
" Chup, Release Year",2022,,,,,,,,,,,
" Ek Aur Ek Gyarah, Release Year",1981,,,,,,,,,,,
" Ab Tumhare Hawale Watan Saathiyo, Release Year",2004,,,,,,,,,,,
" Bobby Jasoos, Release Year",2014,,,,,,,,,,,
" Chal Mere Bhai, Release Year",2000,,,,,,,,,,,
" Beta, Release Year",2007,,,,,,,,,,,
" A Wednesday!, Release Year",2008,,,,,,,,,,,
" Loveyatri, Release Year",2018,,,,,,,,,,,
" Asoka, Release Year",2001,,,,,,,,,,,
" Arjun Pandit, Release Year",1999,,,,,,,,,,,
" Deewangee, Release Year",2002,,,,,,,,,,,
 Vaastav," The Reality, Release Year",1999,,,,,,,,,,
" Chachi 420, Release Year",1997,,,,,,,,,,,
" An Action Hero, Release Year",2022,,,,,,,,,,,
" Poster Boys, Release Year",2017,,,,,,,,,,,
 Daag," The Fire, Release Year",1999,,,,,,,,,,
" Virasat, Release Year",1997,,,,,,,,,,,
" Lucknow Central, Release Year",2017,,,,,,,,,,,
" Yes Boss, Release Year",1997,,,,,,,,,,,
" Hadh Kar Di Aapne, Release Year",2000,,,,,,,,,,,
" Vikrant Rona, Release Year",2022,,,,,,,,,,,
" Sye Raa Narasimha Reddy, Release Year",2019,,,,,,,,,,,
" Kurukshetra, Release Year",2000,,,,,,,,,,,
" Why Cheat India, Release Year",2019,,,,,,,,,,,
" Darr, Release Year",1993,,,,,,,,,,,
" Zameen, Release Year",2007,,,,,,,,,,,
 Jaani Dushman," Ek Anokhi Kahani, Release Year",2002,,,,,,,,,,
" Jhootha Hi Sahi, Release Year",2010,,,,,,,,,,,
" Table No. 21, Release Year",2013,,,,,,,,,,,
" Guest iin London, Release Year",2017,,,,,,,,,,,
" Jaanwar, Release Year",1999,,,,,,,,,,,
" Dil Se.., Release Year",1998,,,,,,,,,,,
" Kunwara, Release Year",2000,,,,,,,,,,,
" Phir Bhi Dil Hai Hindustani, Release Year",2000,,,,,,,,,,,
 Nayak," The Real Hero, Release Year",2001,,,,,,,,,,
" Tumko Na Bhool Paayenge, Release Year",2002,,,,,,,,,,,
" Rock On 2, Release Year",2016,,,,,,,,,,,
" Bichhoo, Release Year",2000,,,,,,,,,,,
 John Wick," Chapter 4, Release Year",2023,,,,,,,,,,
" Hello Brother, Release Year",1999,,,,,,,,,,,
" Mirzya, Release Year",2016,,,,,,,,,,,
" Gangaajal, Release Year",2003,,,,,,,,,,,
" Wajah Tum Ho, Release Year",2016,,,,,,,,,,,
" Albela, Release Year",2001,,,,,,,,,,,
" Mukkabaaz, Release Year",2017,,,,,,,,,,,
" Bhoomi (film), Release Year",2017,,,,,,,,,,,
" 1920, Release Year",2008,,,,,,,,,,,
" Paltan, Release Year",2018,,,,,,,,,,,
" Revolver Rani, Release Year",2014,,,,,,,,,,,
" Bheja Fry 2, Release Year",2011,,,,,,,,,,,
" Vikram, Release Year",2022,,,,,,,,,,,
" Firangi, Release Year",2022,,,,,,,,,,,
" Angrezi Medium, Release Year",2020,,,,,,,,,,,
" Saheb Biwi Aur Gangster, Release Year",2011,,,,,,,,,,,
" Tumbbad, Release Year",2018,,,,,,,,,,,
" Pataakha, Release Year",2018,,,,,,,,,,,
" Anari No.1, Release Year",1999,,,,,,,,,,,
" Hogi Pyaar Ki Jeet, Release Year",1999,,,,,,,,,,,
" Shaadi Se Pehle, Release Year",2006,,,,,,,,,,,
" Fida, Release Year",2004,,,,,,,,,,,
" Tera Jadoo Chal Gayaa, Release Year",2000,,,,,,,,,,,
" Ragini MMS, Release Year",2017,,,,,,,,,,,
" Love Sex aur Dhokha, Release Year",2010,,,,,,,,,,,
" Jaan, Release Year",2023,,,,,,,,,,,
" Phoonk, Release Year",2008,,,,,,,,,,,
" Welcome to Sajjanpur, Release Year",2008,,,,,,,,,,,
" Sabse Bada Khiladi, Release Year",1995,,,,,,,,,,,
" Saajan, Release Year",1991,,,,,,,,,,,
" Aap Mujhe Achche Lagne Lage, Release Year",2002,,,,,,,,,,,
" Mr. and Mrs. Khiladi, Release Year",1997,,,,,,,,,,,
 Aan," Men at Work, Release Year",2004,,,,,,,,,,
" Aksar 2, Release Year",2017,,,,,,,,,,,
" Krantiveer, Release Year",1994,,,,,,,,,,,
" Sanam Teri Kasam, Release Year",2016,,,,,,,,,,,
" Diljale, Release Year",1996,,,,,,,,,,,
" Ajay, Release Year",1996,,,,,,,,,,,
" Anek, Release Year",2022,,,,,,,,,,,
" Julie, Release Year",2009,,,,,,,,,,,
" Namaste England, Release Year",2018,,,,,,,,,,,
" Pyar ka Punchnama, Release Year",2011,,,,,,,,,,,
" Pal Pal Dil Ke Paas, Release Year",2019,,,,,,,,,,,
" Drona, Release Year",2008,,,,,,,,,,,
" Haan Maine Bhi Pyaar Kiya, Release Year",2002,,,,,,,,,,,
" Bhai, Release Year",2003,,,,,,,,,,,
" International Khiladi, Release Year",1999,,,,,,,,,,,
" HIT â€“ The First Case, Release Year",2022,,,,,,,,,,,
" Dil Kya Kare, Release Year",1999,,,,,,,,,,,
" Banjo, Release Year",1947,,,,,,,,,,,
" Bheja Fry, Release Year",2007,,,,,,,,,,,
" Tujhe Meri Kasam, Release Year",2003,,,,,,,,,,,
" Arjun Patiala, Release Year",2019,,,,,,,,,,,
" Guddu Rangeela, Release Year",2015,,,,,,,,,,,
 Dosti," Friends Forever, Release Year",2005,,,,,,,,,,
" Luv Shuv Tey Chicken Khurana, Release Year",2012,,,,,,,,,,,
" Ghayal, Release Year",1990,,,,,,,,,,,
" Saudagar, Release Year",1973,,,,,,,,,,,
" Godfather, Release Year",1972,,,,,,,,,,,
" Ram Jaane 1995, Release Year",1995,,,,,,,,,,,
" Trimurti, Release Year",1995,,,,,,,,,,,
" Khoobsurat, Release Year",2014,,,,,,,,,,,
" Aksar, Release Year",2006,,,,,,,,,,,
" Dhaai Akshar Prem Ke, Release Year",2000,,,,,,,,,,,
" Shikara, Release Year",2020,,,,,,,,,,,
 Rashtra Kavach," OM, Release Year",2022,,,,,,,,,,
" Sita Ramam, Release Year",2022,,,,,,,,,,,
" B.A. Pass, Release Year",2012,,,,,,,,,,,
" Mere Yaar Ki Shaadi Hai, Release Year",2002,,,,,,,,,,,
" Welcome 2 Karachi, Release Year",2015,,,,,,,,,,,
12,"25,810 CRITICAL [imdbpy] /Users/niranjanganesan/PycharmProjects/ECE584/venv/lib/python3.11/site-packages/imdb/_exceptions.py",32, IMDbDataAccessError exception raised; args, ({'errcode'," None, 'errmsg'"," 'None', 'url'", 'https,"//www.imdb.com/title/tt15367558/plotsummary', 'proxy'"," '', 'exception type'"," 'IOError', 'original exception'"," TimeoutError('The read operation timed out')},); kwds", {}
,,,,,,,,,,,,
,,,,,,,,,,,,
,,,,,,,,,,,,
,,,,,,,,,,,,
,,,,,,,,,,,,
,,,,,,,,,,,,
,,,,,,,,,,,,
,,,,,,,,,,,,
,,,,,,,,,,,,
,,,,,,,,,,,,
,,,,,,,,,,,,
,,,,,,,,,,,,
,,,,,,,,,,,,
,,,,,,,,,,,,
,,,,,,,,,,,,
,,,,,,,,,,,,
,,,,,,,,,,,,
,,,,,,,,,,,,
,,,,,,,,,,,,
,,,,,,,,,,,,
,,,,,,,,,,,,
,,,,,,,,,,,,
 The read operation timed out,,,,,,,,,,,,
12,"25,812 CRITICAL [imdbpy] /Users/niranjanganesan/PycharmProjects/ECE584/venv/lib/python3.11/site-packages/imdb/__init__.py",850," caught an exception retrieving or parsing ""plot"" info set for mopID ""15367558"" (accessSystem", http),,,,,,,,
,,,,,,,,,,,,
,,,,,,,,,,,,
,,,,,,,,,,,,
,,,,,,,,,,,,
,,,,,,,,,,,,
,,,,,,,,,,,,
,,,,,,,,,,,,
,,,,,,,,,,,,
,,,,,,,,,,,,
,,,,,,,,,,,,
,,,,,,,,,,,,
,,,,,,,,,,,,
,,,,,,,,,,,,
,,,,,,,,,,,,
,,,,,,,,,,,,
,,,,,,,,,,,,
,,,,,,,,,,,,
,,,,,,,,,,,,
,,,,,,,,,,,,
,,,,,,,,,,,,
,,,,,,,,,,,,
,,,,,,,,,,,,
 The read operation timed out,,,,,,,,,,,,
,,,,,,,,,,,,
,,,,,,,,,,,,
,,,,,,,,,,,,
,,,,,,,,,,,,
,,,,,,,,,,,,
,,,,,,,,,,,,
,,,,,,,,,,,,
,,,,,,,,,,,,
,,,,,,,,,,,,
,,,,,,,,,,,,
,,,,,,,,,,,,
,,,,,,,,,,,,
,,,,,,,,,,,,
,,,,,,,,,,,,
,,,,,,,,,,,,
 {'errcode'," None, 'errmsg'"," 'None', 'url'", 'https,"//www.imdb.com/title/tt15367558/plotsummary', 'proxy'"," '', 'exception type'"," 'IOError', 'original exception'", TimeoutError('The read operation timed out')},,,,,
 {'errcode'," None, 'errmsg'"," 'None', 'url'", 'https,"//www.imdb.com/title/tt15367558/plotsummary', 'proxy'"," '', 'exception type'"," 'IOError', 'original exception'", TimeoutError('The read operation timed out')},,,,,
" Mard, Release Year",1985,,,,,,,,,,,
" Raja Babu, Release Year",1994,,,,,,,,,,,
" Haseena Parkar, Release Year",2017,,,,,,,,,,,
" Jism, Release Year",2003,,,,,,,,,,,
" Varisu, Release Year",2023,,,,,,,,,,,
" Tango Charlie, Release Year",2005,,,,,,,,,,,
" Main Khiladi Tu Anari, Release Year",1994,,,,,,,,,,,
 Talaash," The Hunt Begins..., Release Year",2003,,,,,,,,,,
" Ram Gopal Varma Ki Aag, Release Year",2007,,,,,,,,,,,
" Kyo Kii Main Jhuth Nahin Bolta, Release Year",2001,,,,,,,,,,,
" Eternals, Release Year",2021,,,,,,,,,,,
" Gumraah, Release Year",2023,,,,,,,,,,,
" Ishq Vishk, Release Year",2003,,,,,,,,,,,
" Yeh Raaste Hain Pyaar Ke, Release Year",2001,,,,,,,,,,,
" Prem Granth, Release Year",1996,,,,,,,,,,,
" Tere Mere Sapne, Release Year",1971,,,,,,,,,,,
" Dus Kahaniyaan, Release Year",2007,,,,,,,,,,,
" Kaalakaandi, Release Year",2018,,,,,,,,,,,
" One Two Three, Release Year",1961,,,,,,,,,,,
" Kya Yehi Pyaar Hai, Release Year",2002,,,,,,,,,,,
" 777 Charlie, Release Year",2022,,,,,,,,,,,
" Joru Ka Ghulam, Release Year",2000,,,,,,,,,,,
" Jis Desh Mein Ganga Rehta Hain, Release Year",2000,,,,,,,,,,,
" Road, Release Year",2015,,,,,,,,,,,
" IB 71, Release Year",2023,,,,,,,,,,,
" Bank Chor, Release Year",2017,,,,,,,,,,,
" The Legend of Bhagat Singh, Release Year",2002,,,,,,,,,,,
" Baazigar, Release Year",1993,,,,,,,,,,,
" Main Aurr Mrs Khanna, Release Year",2009,,,,,,,,,,,
" Zeher, Release Year",2005,,,,,,,,,,,
" Deewana, Release Year",1992,,,,,,,,,,,
" Amar Akbar Anthony, Release Year",1977,,,,,,,,,,,
" Godzilla vs. Kong, Release Year",2021,,,,,,,,,,,
" Shang-Chi and the Legend of the Ten Rings, Release Year",2021,,,,,,,,,,,
" Aap Ki Khatir, Release Year",2006,,,,,,,,,,,
" Raman Raghav 2.0, Release Year",2016,,,,,,,,,,,
 Jaal," The Trap, Release Year",2003,,,,,,,,,,
" Dil, Release Year",2020,,,,,,,,,,,
" Knock Out, Release Year",2011,,,,,,,,,,,
" Laadla, Release Year",1994,,,,,,,,,,,
" Kalyug, Release Year",2005,,,,,,,,,,,
" Chocolate, Release Year",2005,,,,,,,,,,,
" Akele Hum Akele Tum, Release Year",1995,,,,,,,,,,,
" Suhaag, Release Year",1994,,,,,,,,,,,
 Khamoshi," The Musical, Release Year",1996,,,,,,,,,,
 Venom," Let There Be Carnage, Release Year",2021,,,,,,,,,,
" Goodbye, Release Year",2023,,,,,,,,,,,
" Prassthanam, Release Year",2019,,,,,,,,,,,
" Sapoot, Release Year",1996,,,,,,,,,,,
" Jeena Sirf Merre Liye, Release Year",2002,,,,,,,,,,,
" Deewane, Release Year",2000,,,,,,,,,,,
" Armaan, Release Year",2003,,,,,,,,,,,
" Dil Ne Jise Apna Kahaa, Release Year",2004,,,,,,,,,,,
" Sonchiriya, Release Year",2019,,,,,,,,,,,
" Kahin Pyaar Na Ho Jaaye, Release Year",2000,,,,,,,,,,,
" Sooryavansham, Release Year",1999,,,,,,,,,,,
" Bhaiaji Superhit, Release Year",2018,,,,,,,,,,,
" Daraar, Release Year",1996,,,,,,,,,,,
" Army, Release Year",2021,,,,,,,,,,,
" Vijaypath, Release Year",1994,,,,,,,,,,,
" Blank, Release Year",1994,,,,,,,,,,,
" Chef, Release Year",2014,,,,,,,,,,,
" Calendar Girls, Release Year",2003,,,,,,,,,,,
" Dilwale, Release Year",2015,,,,,,,,,,,
" Maharaja, Release Year", N/A,,,,,,,,,,,
" Tezaab, Release Year",1988,,,,,,,,,,,
" Haqeeqat, Release Year",1964,,,,,,,,,,,
" Damini â€“ Lightning, Release Year",2023,,,,,,,,,,,
" Phool Aur Kaante, Release Year",1991,,,,,,,,,,,
" Sadak, Release Year",1991,,,,,,,,,,,
" Yeh Dil Aashiqanaa, Release Year",2002,,,,,,,,,,,
" Pyaar Impossible!, Release Year",2010,,,,,,,,,,,
 Top Gun," Maverick, Release Year",2022,,,,,,,,,,
" Genius, Release Year",2016,,,,,,,,,,,
" Sangharsh, Release Year",1999,,,,,,,,,,,
" Jung, Release Year",2014,,,,,,,,,,,
" Rudraksh, Release Year",2004,,,,,,,,,,,
" Kuttey, Release Year",2023,,,,,,,,,,,
" Khiladi 420, Release Year",2000,,,,,,,,,,,
" Do Lafzon Ki Kahani, Release Year",2016,,,,,,,,,,,
" Vaah! Life Ho Toh Aisi!, Release Year",2005,,,,,,,,,,,
" Hulchul, Release Year",2004,,,,,,,,,,,
" Insaniyat, Release Year",1955,,,,,,,,,,,
" Anari, Release Year",1993,,,,,,,,,,,
" Aarzoo, Release Year",1999,,,,,,,,,,,
" Noor, Release Year",2017,,,,,,,,,,,
" Stanley Ka Dabba, Release Year",2011,,,,,,,,,,,
" Masoom, Release Year",1983,,,,,,,,,,,
" Yeh Dillagi, Release Year",1994,,,,,,,,,,,
" Aflatoon, Release Year",2023,,,,,,,,,,,
" Bobby, Release Year",2006,,,,,,,,,,,
" Mr. India, Release Year",1987,,,,,,,,,,,
" Mughal-e-Azam, Release Year",1960,,,,,,,,,,,
" Dil Ka Rishta, Release Year",2003,,,,,,,,,,,
" Rehnaa Hai Terre Dil Mein, Release Year",2001,,,,,,,,,,,
" Bewafa Sanam, Release Year",1995,,,,,,,,,,,
" Yeh Hai Jalwa, Release Year",2002,,,,,,,,,,,
" Sirf Tum, Release Year",1999,,,,,,,,,,,
 Khichdi," The Movie, Release Year",2010,,,,,,,,,,
" Bangistan, Release Year",2015,,,,,,,,,,,
" Style, Release Year",2017,,,,,,,,,,,
" Aunty No. 1, Release Year",1998,,,,,,,,,,,
" Hum Hain Rahi Pyar Ke, Release Year",1993,,,,,,,,,,,
" Roti Kapda Aur Makaan, Release Year",1974,,,,,,,,,,,
" Lahu Ke Do Rang, Release Year",1979,,,,,,,,,,,
" Andaz Apna Apna, Release Year",1994,,,,,,,,,,,
" Kyaa Dil Ne Kahaa, Release Year",2002,,,,,,,,,,,
 Ravan Raaj," A True Story, Release Year",1995,,,,,,,,,,
" Baazi, Release Year",1995,,,,,,,,,,,
" Notebook, Release Year",2004,,,,,,,,,,,
" Indu Sarkar, Release Year",2017,,,,,,,,,,,
" Game Over, Release Year",1989,,,,,,,,,,,
" Nil Battey Sannata, Release Year",2015,,,,,,,,,,,
" The Zoya Factor, Release Year",2019,,,,,,,,,,,
" Dobaaraa, Release Year",2022,,,,,,,,,,,
 {'errcode'," None, 'errmsg'"," 'None', 'url'", 'https,"//www.imdb.com/title/tt15440322/reference', 'proxy'"," '', 'exception type'"," 'IOError', 'original exception'", TimeoutError('The read operation timed out')},,,,,
20,"35,892 CRITICAL [imdbpy] /Users/niranjanganesan/PycharmProjects/ECE584/venv/lib/python3.11/site-packages/imdb/_exceptions.py",32, IMDbDataAccessError exception raised; args, ({'errcode'," None, 'errmsg'"," 'None', 'url'", 'https,"//www.imdb.com/title/tt15440322/reference', 'proxy'"," '', 'exception type'"," 'IOError', 'original exception'"," TimeoutError('The read operation timed out')},); kwds", {}
,,,,,,,,,,,,
,,,,,,,,,,,,
,,,,,,,,,,,,
,,,,,,,,,,,,
,,,,,,,,,,,,
,,,,,,,,,,,,
,,,,,,,,,,,,
,,,,,,,,,,,,
,,,,,,,,,,,,
,,,,,,,,,,,,
,,,,,,,,,,,,
,,,,,,,,,,,,
,,,,,,,,,,,,
,,,,,,,,,,,,
,,,,,,,,,,,,
,,,,,,,,,,,,
,,,,,,,,,,,,
,,,,,,,,,,,,
,,,,,,,,,,,,
,,,,,,,,,,,,
,,,,,,,,,,,,
,,,,,,,,,,,,
,,,,,,,,,,,,
,,,,,,,,,,,,
,,,,,,,,,,,,
 The read operation timed out,,,,,,,,,,,,
20,"35,893 CRITICAL [imdbpy] /Users/niranjanganesan/PycharmProjects/ECE584/venv/lib/python3.11/site-packages/imdb/__init__.py",850," caught an exception retrieving or parsing ""main"" info set for mopID ""15440322"" (accessSystem", http),,,,,,,,
,,,,,,,,,,,,
,,,,,,,,,,,,
,,,,,,,,,,,,
,,,,,,,,,,,,
,,,,,,,,,,,,
,,,,,,,,,,,,
,,,,,,,,,,,,
,,,,,,,,,,,,
,,,,,,,,,,,,
,,,,,,,,,,,,
,,,,,,,,,,,,
,,,,,,,,,,,,
,,,,,,,,,,,,
,,,,,,,,,,,,
,,,,,,,,,,,,
,,,,,,,,,,,,
,,,,,,,,,,,,
,,,,,,,,,,,,
,,,,,,,,,,,,
,,,,,,,,,,,,
,,,,,,,,,,,,
,,,,,,,,,,,,
,,,,,,,,,,,,
,,,,,,,,,,,,
,,,,,,,,,,,,
 The read operation timed out,,,,,,,,,,,,
,,,,,,,,,,,,
,,,,,,,,,,,,
,,,,,,,,,,,,
,,,,,,,,,,,,
,,,,,,,,,,,,
,,,,,,,,,,,,
,,,,,,,,,,,,
,,,,,,,,,,,,
,,,,,,,,,,,,
,,,,,,,,,,,,
,,,,,,,,,,,,
,,,,,,,,,,,,
,,,,,,,,,,,,
,,,,,,,,,,,,
,,,,,,,,,,,,
 {'errcode'," None, 'errmsg'"," 'None', 'url'", 'https,"//www.imdb.com/title/tt15440322/reference', 'proxy'"," '', 'exception type'"," 'IOError', 'original exception'", TimeoutError('The read operation timed out')},,,,,
" Zamana Deewana, Release Year",1995,,,,,,,,,,,
" Elaan, Release Year",2005,,,,,,,,,,,
" Tutak Tutak Tutiya, Release Year",2016,,,,,,,,,,,
" Helicopter Eela, Release Year",2018,,,,,,,,,,,
" Bol Radha Bol, Release Year",1992,,,,,,,,,,,
" Tum Bin 2, Release Year",2016,,,,,,,,,,,
" Khuddar, Release Year",1994,,,,,,,,,,,
" Tum Bin - Love Will Find a Way, Release Year",2001,,,,,,,,,,,
 Taarzan," The Wonder Car, Release Year",2004,,,,,,,,,,
" Junooniyat, Release Year",2016,,,,,,,,,,,
" Shazam! Fury Of The Gods, Release Year",2023,,,,,,,,,,,
" Khiladi, Release Year",1992,,,,,,,,,,,
" Mother India, Release Year",1957,,,,,,,,,,,
" Sanam Bewafa, Release Year",1991,,,,,,,,,,,
" Chandni Bar, Release Year",2001,,,,,,,,,,,
" Maidan-E-Jung, Release Year",1995,,,,,,,,,,,
" Dil Hai Ke Manta Nahin, Release Year",1991,,,,,,,,,,,
" Dhaakad, Release Year",2022,,,,,,,,,,,
" Kabzaa, Release Year",2023,,,,,,,,,,,
" Nanu Ki Jaanu, Release Year",2018,,,,,,,,,,,
" Jo Jeeta Wohi Sikander, Release Year",2021,,,,,,,,,,,
" No Time To Die, Release Year",2021,,,,,,,,,,,
" Sangam, Release Year",2007,,,,,,,,,,,
" Zamane Se Kya Darna, Release Year",1994,,,,,,,,,,,
" Kaanchi..., Release Year",2014,,,,,,,,,,,
" Janhit Mein Jaari, Release Year",2022,,,,,,,,,,,
" Kabhi Haan Kabhi Naa, Release Year",1994,,,,,,,,,,,
" Traffic, Release Year",2000,,,,,,,,,,,
" Darbar, Release Year",2020,,,,,,,,,,,
" Insaaf, Release Year",1987,,,,,,,,,,,
" Jayantabhai Ki Luv Story, Release Year",2013,,,,,,,,,,,
" Mitron, Release Year",2018,,,,,,,,,,,
" Don, Release Year",2013,,,,,,,,,,,
" Fareb, Release Year",2019,,,,,,,,,,,
" Masaan, Release Year",2015,,,,,,,,,,,
" Gunga Jumna, Release Year",1961,,,,,,,,,,,
" Haathi Mere Saathi, Release Year",2021,,,,,,,,,,,
" Suraj Pe Mangal Bhari, Release Year",2020,,,,,,,,,,,
" Aashiqui, Release Year",2013,,,,,,,,,,,
 Dhokha," Round D Corner, Release Year",2022,,,,,,,,,,
" Jalebi, Release Year",2018,,,,,,,,,,,
" Disco Dancer, Release Year",1982,,,,,,,,,,,
" Seeta Aur Geeta, Release Year",1972,,,,,,,,,,,
" Chehre, Release Year",2021,,,,,,,,,,,
" Laal Kaptaan, Release Year",2019,,,,,,,,,,,
" Udaan, Release Year",2010,,,,,,,,,,,
" Kuch Kuch Locha Hai, Release Year",2015,,,,,,,,,,,
" Kaafila, Release Year",2007,,,,,,,,,,,
" Buddha Mar Gaya, Release Year",2007,,,,,,,,,,,
" One Night Stand, Release Year",1997,,,,,,,,,,,
" Zaalim, Release Year",1994,,,,,,,,,,,
" Chori Chori, Release Year",2021,,,,,,,,,,,
" Pihu, Release Year",2016,,,,,,,,,,,
" Zanjeer, Release Year",2013,,,,,,,,,,,
" Waqt, Release Year",1965,,,,,,,,,,,
" The Batman, Release Year",2022,,,,,,,,,,,
" Hum Hain Bemisaal, Release Year",1994,,,,,,,,,,,
" Mere Mehboob, Release Year",1963,,,,,,,,,,,
" Angaaray, Release Year",1998,,,,,,,,,,,
" Qayamat Se Qayamat Tak, Release Year",1988,,,,,,,,,,,
" Waiting, Release Year",2005,,,,,,,,,,,
" Mili, Release Year",2022,,,,,,,,,,,
" Malaal, Release Year",2019,,,,,,,,,,,
" Laila Majnu, Release Year",2018,,,,,,,,,,,
" Manto, Release Year",2018,,,,,,,,,,,
" Phool Aur Paththar, Release Year",1966,,,,,,,,,,,
" The Body, Release Year",2012,,,,,,,,,,,
" Master, Release Year",2022,,,,,,,,,,,
" Aggar, Release Year",2007,,,,,,,,,,,
" Jai Kishen, Release Year",1994,,,,,,,,,,,
" Phobia, Release Year",2008,,,,,,,,,,,
" Mard Ko Dard Nahi Hota, Release Year",2020,,,,,,,,,,,
" Aligarh, Release Year",2015,,,,,,,,,,,
" Bhangra Paa Le, Release Year",2020,,,,,,,,,,,
 Fantastic Beasts," The Secrets of Dumbledore, Release Year",2022,,,,,,,,,,
" Salaam Venky, Release Year",2022,,,,,,,,,,,
" Uncharted, Release Year",2022,,,,,,,,,,,
" Pailwaan, Release Year",2019,,,,,,,,,,,
" Gandhi Godse Ek Yudh, Release Year",2023,,,,,,,,,,,
" Mere Jeevan Saathi, Release Year",1972,,,,,,,,,,,
" Shabaash Mithu, Release Year",2022,,,,,,,,,,,
" Bheed, Release Year",2023,,,,,,,,,,,
" Jai Mummy Di, Release Year",2020,,,,,,,,,,,
" Love Sonia, Release Year",2018,,,,,,,,,,,
" Nikamma, Release Year",2022,,,,,,,,,,,
" Saugandh, Release Year",1991,,,,,,,,,,,
" Akaash Vani, Release Year",2013,,,,,,,,,,,
" Zwigato, Release Year",2022,,,,,,,,,,,
" FryDay, Release Year",2018,,,,,,,,,,,